-- phpMyAdmin SQL Dump
-- version 5.1.1
-- https://www.phpmyadmin.net/
--
-- Host: localhost:3306
-- Generation Time: Oct 13, 2021 at 08:00 PM
-- Server version: 5.7.33
-- PHP Version: 7.4.19

SET SQL_MODE = "NO_AUTO_VALUE_ON_ZERO";
START TRANSACTION;
SET time_zone = "+00:00";


/*!40101 SET @OLD_CHARACTER_SET_CLIENT=@@CHARACTER_SET_CLIENT */;
/*!40101 SET @OLD_CHARACTER_SET_RESULTS=@@CHARACTER_SET_RESULTS */;
/*!40101 SET @OLD_COLLATION_CONNECTION=@@COLLATION_CONNECTION */;
/*!40101 SET NAMES utf8mb4 */;

--
-- Database: `mschool2`
--

-- --------------------------------------------------------

--
-- Table structure for table `tbl_agenda`
--

CREATE TABLE `tbl_agenda` (
  `agenda_id` int(11) NOT NULL,
  `agenda_nama` varchar(200) DEFAULT NULL,
  `agenda_tanggal` timestamp NULL DEFAULT CURRENT_TIMESTAMP,
  `agenda_deskripsi` text,
  `agenda_mulai` date DEFAULT NULL,
  `agenda_selesai` date DEFAULT NULL,
  `agenda_tempat` varchar(90) DEFAULT NULL,
  `agenda_waktu` varchar(30) DEFAULT NULL,
  `agenda_keterangan` varchar(200) DEFAULT NULL,
  `agenda_author` varchar(60) DEFAULT NULL
) ENGINE=InnoDB DEFAULT CHARSET=latin1;

--
-- Dumping data for table `tbl_agenda`
--

INSERT INTO `tbl_agenda` (`agenda_id`, `agenda_nama`, `agenda_tanggal`, `agenda_deskripsi`, `agenda_mulai`, `agenda_selesai`, `agenda_tempat`, `agenda_waktu`, `agenda_keterangan`, `agenda_author`) VALUES
(1, 'Penyembelihan Hewan Kurban Idul Adha 2017', '2017-01-22 06:18:01', 'Idul Adha yang biasa disebut lebaran haji atapun lebaran kurban sangat identik dengan penyembelihan hewan kurban. M-Sekolah tahun ini juga melakukan penyembelihan hewan kurban. Yang rencananya akan dihadiri oleh guru-guru, siswa dan pengurus OSIS.', '2017-01-22', '2017-01-22', 'M-Sekolah', '08.00 - 11.00 WIB', 'Dihadiri oleh guru-guru, siswa dan pengurus OSIS', 'M Fikri Setiadi'),
(2, 'Peluncuran Website Resmi M-Sekolah', '2017-01-22 06:26:33', 'Peluncuran website resmi  M-Sekolah, sebagai media informasi dan akademik online untuk pelayanan pendidikan yang lebih baik kepada siswa, orangtua, dan masyarakat pada umumnya semakin meningkat.', '2017-01-04', '2017-01-04', 'M-Sekolah', '07.30 - 12.00 WIB', '-', 'M Fikri Setiadi'),
(3, 'Penerimaan Raport Semester Ganjil Tahun Ajaran 2017-2018', '2017-01-22 06:29:49', 'Berakhirnya semester ganjil tahun pelajaran 2016-2017, ditandai dengan pembagian laporan hasil belajar.', '2017-02-17', '2017-02-17', 'M-Sekolah', '07.30 - 12.00 WIB', 'Untuk kelas XI dan XII, pembagian raport dimulai pukul 07.30 WIB. Sedangkan untuk kelas X pada pukul 09.00 WIB. Raport diambil oleh orang tua/wali murid masing-masing.', 'M Fikri Setiadi');

-- --------------------------------------------------------

--
-- Table structure for table `tbl_album`
--

CREATE TABLE `tbl_album` (
  `album_id` int(11) NOT NULL,
  `album_nama` varchar(50) DEFAULT NULL,
  `album_tanggal` timestamp NULL DEFAULT CURRENT_TIMESTAMP,
  `album_pengguna_id` int(11) DEFAULT NULL,
  `album_author` varchar(60) DEFAULT NULL,
  `album_count` int(11) DEFAULT '0',
  `album_cover` varchar(40) DEFAULT NULL
) ENGINE=InnoDB DEFAULT CHARSET=latin1;

--
-- Dumping data for table `tbl_album`
--

INSERT INTO `tbl_album` (`album_id`, `album_nama`, `album_tanggal`, `album_pengguna_id`, `album_author`, `album_count`, `album_cover`) VALUES
(6, 'kegiatan', '2021-10-11 12:35:07', 2, 'surianto', 1, 'cf63ac06f744efff7541a9fd33227f1a.jpeg');

-- --------------------------------------------------------

--
-- Table structure for table `tbl_files`
--

CREATE TABLE `tbl_files` (
  `file_id` int(11) NOT NULL,
  `file_judul` varchar(120) DEFAULT NULL,
  `file_deskripsi` text,
  `file_tanggal` timestamp NULL DEFAULT CURRENT_TIMESTAMP,
  `file_oleh` varchar(60) DEFAULT NULL,
  `file_download` int(11) DEFAULT '0',
  `file_data` varchar(120) DEFAULT NULL
) ENGINE=InnoDB DEFAULT CHARSET=latin1;

--
-- Dumping data for table `tbl_files`
--

INSERT INTO `tbl_files` (`file_id`, `file_judul`, `file_deskripsi`, `file_tanggal`, `file_oleh`, `file_download`, `file_data`) VALUES
(13, 'Kumpulan Materi Pelatihan KSR Dasar', 'Kumpulan Materi Pelatihan KSR Dasar', '2021-10-11 06:47:44', 'Humas', 0, '0fbdf640b844224e422a004365869ed4.pdf');

-- --------------------------------------------------------

--
-- Table structure for table `tbl_galeri`
--

CREATE TABLE `tbl_galeri` (
  `galeri_id` int(11) NOT NULL,
  `galeri_judul` varchar(60) DEFAULT NULL,
  `galeri_tanggal` timestamp NULL DEFAULT CURRENT_TIMESTAMP,
  `galeri_gambar` varchar(40) DEFAULT NULL,
  `galeri_album_id` int(11) DEFAULT NULL,
  `galeri_pengguna_id` int(11) DEFAULT NULL,
  `galeri_author` varchar(60) DEFAULT NULL
) ENGINE=InnoDB DEFAULT CHARSET=latin1;

--
-- Dumping data for table `tbl_galeri`
--

INSERT INTO `tbl_galeri` (`galeri_id`, `galeri_judul`, `galeri_tanggal`, `galeri_gambar`, `galeri_album_id`, `galeri_pengguna_id`, `galeri_author`) VALUES
(4, 'Diskusi Pemilihan Ketua Osis', '2017-01-21 14:04:53', '9b10fa300633f62f105e9b52789fc8f3.jpg', 3, 1, 'M Fikri Setiadi'),
(5, 'Panitia Pemilu Osis', '2017-01-22 04:13:20', '0ec0c2f9aae6501d7ed7930995d48b57.jpg', 3, 1, 'M Fikri Setiadi'),
(6, 'Proses Pemilu Osis', '2017-01-22 04:13:43', 'bfbe6cc1c8096f5f36c68e93da53c248.jpg', 3, 1, 'M Fikri Setiadi'),
(7, 'Belajar dengan native speaker', '2017-01-24 01:26:22', '831e5ad43ccc3c851d50c128ff095541.jpg', 1, 1, 'M Fikri Setiadi'),
(8, 'Diskusi dengan native speaker', '2017-01-24 01:27:05', '84afbf1d3ad45932f1d7ac47b8a00949.jpg', 1, 1, 'M Fikri Setiadi'),
(10, 'Foto bareng native speaker', '2017-01-24 01:28:40', 'd70cedba6391b7b3c74b914efd82953f.jpg', 1, 1, 'M Fikri Setiadi'),
(11, 'Foto bareng native speaker', '2017-01-24 01:28:54', '10de99f425b9961ce1e87c5e5575f8f4.jpg', 1, 1, 'M Fikri Setiadi'),
(13, 'Belajar sambil bermain', '2017-01-24 01:31:55', '5374415f11683ad6dd31572a7bbf8a7b.jpg', 4, 1, 'M Fikri Setiadi'),
(14, 'Belajar komputer programming', '2017-01-24 01:32:24', '82b91bd35706b21c3ab04e205e358eb6.jpg', 4, 1, 'M Fikri Setiadi'),
(15, 'Belajar komputer programming', '2017-01-24 01:32:34', '93048f2a103987bce8c8ec8d6912de06.jpg', 4, 1, 'M Fikri Setiadi'),
(16, 'Belajar komputer programming', '2017-01-24 01:32:44', '41f46be181f2f8452c2041b5e79a05a5.jpg', 4, 1, 'M Fikri Setiadi'),
(20, 'diksar', '2021-10-11 12:35:27', 'bfe0f9d24f36fc8a41736d25d540c79f.jpeg', 6, 2, 'surianto');

-- --------------------------------------------------------

--
-- Table structure for table `tbl_guru`
--

CREATE TABLE `tbl_guru` (
  `guru_id` int(11) NOT NULL,
  `guru_nip` varchar(30) DEFAULT NULL,
  `guru_nama` varchar(70) DEFAULT NULL,
  `guru_jenkel` varchar(2) DEFAULT NULL,
  `guru_tmp_lahir` varchar(80) DEFAULT NULL,
  `guru_tgl_lahir` varchar(80) DEFAULT NULL,
  `guru_mapel` varchar(120) DEFAULT NULL,
  `guru_photo` varchar(40) DEFAULT NULL,
  `guru_tgl_input` timestamp NULL DEFAULT CURRENT_TIMESTAMP
) ENGINE=InnoDB DEFAULT CHARSET=latin1;

--
-- Dumping data for table `tbl_guru`
--

INSERT INTO `tbl_guru` (`guru_id`, `guru_nip`, `guru_nama`, `guru_jenkel`, `guru_tmp_lahir`, `guru_tgl_lahir`, `guru_mapel`, `guru_photo`, `guru_tgl_input`) VALUES
(12, '123456789', 'pengurus test 1', '', '', '', 'Komandan', NULL, '2021-10-11 02:27:14');

-- --------------------------------------------------------

--
-- Table structure for table `tbl_inbox`
--

CREATE TABLE `tbl_inbox` (
  `inbox_id` int(11) NOT NULL,
  `inbox_nama` varchar(40) DEFAULT NULL,
  `inbox_email` varchar(60) DEFAULT NULL,
  `inbox_kontak` varchar(20) DEFAULT NULL,
  `inbox_pesan` text,
  `inbox_tanggal` timestamp NULL DEFAULT CURRENT_TIMESTAMP,
  `inbox_status` int(11) DEFAULT '1' COMMENT '1=Belum dilihat, 0=Telah dilihat'
) ENGINE=InnoDB DEFAULT CHARSET=latin1;

-- --------------------------------------------------------

--
-- Table structure for table `tbl_kategori`
--

CREATE TABLE `tbl_kategori` (
  `kategori_id` int(11) NOT NULL,
  `kategori_nama` varchar(30) DEFAULT NULL,
  `kategori_tanggal` timestamp NULL DEFAULT CURRENT_TIMESTAMP
) ENGINE=InnoDB DEFAULT CHARSET=latin1;

--
-- Dumping data for table `tbl_kategori`
--

INSERT INTO `tbl_kategori` (`kategori_id`, `kategori_nama`, `kategori_tanggal`) VALUES
(14, 'Berita', '2021-10-11 10:57:00'),
(15, 'kegiatan', '2021-10-11 10:57:07'),
(16, 'Pelatihan', '2021-10-11 10:57:14'),
(17, 'Artikel', '2021-10-11 10:57:58');

-- --------------------------------------------------------

--
-- Table structure for table `tbl_kelas`
--

CREATE TABLE `tbl_kelas` (
  `kelas_id` int(11) NOT NULL,
  `kelas_nama` varchar(40) DEFAULT NULL
) ENGINE=InnoDB DEFAULT CHARSET=latin1;

--
-- Dumping data for table `tbl_kelas`
--

INSERT INTO `tbl_kelas` (`kelas_id`, `kelas_nama`) VALUES
(1, 'Kelas X.1'),
(2, 'Kelas X.2'),
(3, 'Kelas X.3'),
(4, 'Kelas X.4'),
(5, 'Kelas X.5'),
(6, 'Kelas X.6'),
(7, 'Kelas X.7'),
(8, 'Kelas XI IPA.1'),
(9, 'Kelas XI IPA.2'),
(10, 'Kelas XI IPA.3'),
(11, 'Kelas XI IPA.4'),
(12, 'Kelas XI IPA.5'),
(13, 'Kelas XI IPA.6'),
(14, 'Kelas XI IPA.7'),
(15, 'Kelas XI IPS.1'),
(16, 'Kelas XI IPS.2'),
(17, 'Kelas XI IPS.3'),
(18, 'Kelas XI IPS.4'),
(19, 'Kelas XI IPS.5'),
(20, 'Kelas XI IPS.6'),
(21, 'Kelas XI IPS.7');

-- --------------------------------------------------------

--
-- Table structure for table `tbl_komentar`
--

CREATE TABLE `tbl_komentar` (
  `komentar_id` int(11) NOT NULL,
  `komentar_nama` varchar(30) DEFAULT NULL,
  `komentar_email` varchar(50) DEFAULT NULL,
  `komentar_isi` varchar(120) DEFAULT NULL,
  `komentar_tanggal` timestamp NULL DEFAULT CURRENT_TIMESTAMP,
  `komentar_status` varchar(2) DEFAULT NULL,
  `komentar_tulisan_id` int(11) DEFAULT NULL,
  `komentar_parent` int(11) DEFAULT '0',
  `akses` int(2) NOT NULL
) ENGINE=InnoDB DEFAULT CHARSET=latin1;

-- --------------------------------------------------------

--
-- Table structure for table `tbl_log_aktivitas`
--

CREATE TABLE `tbl_log_aktivitas` (
  `log_id` int(11) NOT NULL,
  `log_nama` text,
  `log_tanggal` timestamp NULL DEFAULT CURRENT_TIMESTAMP,
  `log_ip` varchar(20) DEFAULT NULL,
  `log_pengguna_id` int(11) DEFAULT NULL,
  `log_icon` blob,
  `log_jenis_icon` varchar(50) DEFAULT NULL
) ENGINE=InnoDB DEFAULT CHARSET=latin1;

-- --------------------------------------------------------

--
-- Table structure for table `tbl_pengguna`
--

CREATE TABLE `tbl_pengguna` (
  `pengguna_id` int(11) NOT NULL,
  `pengguna_nama` varchar(50) DEFAULT NULL,
  `pengguna_moto` varchar(100) DEFAULT NULL,
  `pengguna_jenkel` varchar(2) DEFAULT NULL,
  `pengguna_username` varchar(30) DEFAULT NULL,
  `pengguna_password` varchar(35) DEFAULT NULL,
  `pengguna_tentang` text,
  `pengguna_email` varchar(50) DEFAULT NULL,
  `pengguna_nohp` varchar(20) DEFAULT NULL,
  `pengguna_facebook` varchar(35) DEFAULT NULL,
  `pengguna_twitter` varchar(35) DEFAULT NULL,
  `pengguna_linkdin` varchar(35) DEFAULT NULL,
  `pengguna_google_plus` varchar(35) DEFAULT NULL,
  `pengguna_status` int(2) DEFAULT '1',
  `pengguna_level` varchar(3) DEFAULT NULL,
  `pengguna_register` timestamp NULL DEFAULT CURRENT_TIMESTAMP,
  `pengguna_photo` varchar(40) DEFAULT NULL
) ENGINE=InnoDB DEFAULT CHARSET=latin1;

--
-- Dumping data for table `tbl_pengguna`
--

INSERT INTO `tbl_pengguna` (`pengguna_id`, `pengguna_nama`, `pengguna_moto`, `pengguna_jenkel`, `pengguna_username`, `pengguna_password`, `pengguna_tentang`, `pengguna_email`, `pengguna_nohp`, `pengguna_facebook`, `pengguna_twitter`, `pengguna_linkdin`, `pengguna_google_plus`, `pengguna_status`, `pengguna_level`, `pengguna_register`, `pengguna_photo`) VALUES
(1, 'Fajar Rivaldi Chan', 'Just do it', '', 'master', '19a66b38bb79d4d31b58c41865ccd2c2', 'I am a mountainner. to me mountainerring is a life', 'fajarrivaldi2015@gmail.com', '', 'facebook.com/m_fikri_setiadi', 'twitter.com/fiver_fiver', '', '', 1, '1', '2016-09-03 06:07:55', '97663580d08dabad09b54f5e1e0c2981.png'),
(2, 'surianto', NULL, '', 'surianto', '0c477d4507ea02f567bc3b178d6d2038', NULL, 'admin@admin.id', '', NULL, NULL, NULL, NULL, 1, '1', '2021-10-11 10:49:32', '519ddfec529dafca33669e8cd104b29c.jpg'),
(3, 'indah', NULL, '', 'indah', 'f3385c508ce54d577fd205a1b2ecdfb7', NULL, 'admin@admin.id', '', NULL, NULL, NULL, NULL, 1, '2', '2021-10-11 10:50:03', '77ffb0942e5ba3f42436159b9c3946f9.jpg');

-- --------------------------------------------------------

--
-- Table structure for table `tbl_pengumuman`
--

CREATE TABLE `tbl_pengumuman` (
  `pengumuman_id` int(11) NOT NULL,
  `pengumuman_judul` varchar(150) DEFAULT NULL,
  `pengumuman_deskripsi` text,
  `pengumuman_tanggal` timestamp NULL DEFAULT CURRENT_TIMESTAMP,
  `pengumuman_author` varchar(60) DEFAULT NULL
) ENGINE=InnoDB DEFAULT CHARSET=latin1;

--
-- Dumping data for table `tbl_pengumuman`
--

INSERT INTO `tbl_pengumuman` (`pengumuman_id`, `pengumuman_judul`, `pengumuman_deskripsi`, `pengumuman_tanggal`, `pengumuman_author`) VALUES
(7, 'prestasi test 1', '2021-10-11', '2021-10-11 02:23:54', 'fajar');

-- --------------------------------------------------------

--
-- Table structure for table `tbl_pengunjung`
--

CREATE TABLE `tbl_pengunjung` (
  `pengunjung_id` int(11) NOT NULL,
  `pengunjung_tanggal` timestamp NULL DEFAULT CURRENT_TIMESTAMP,
  `pengunjung_ip` varchar(40) DEFAULT NULL,
  `pengunjung_perangkat` varchar(100) DEFAULT NULL
) ENGINE=InnoDB DEFAULT CHARSET=latin1;

--
-- Dumping data for table `tbl_pengunjung`
--

INSERT INTO `tbl_pengunjung` (`pengunjung_id`, `pengunjung_tanggal`, `pengunjung_ip`, `pengunjung_perangkat`) VALUES
(961, '2021-10-11 12:10:19', '127.0.0.1', 'Firefox'),
(962, '2021-10-12 06:39:55', '127.0.0.1', 'Firefox'),
(963, '2021-10-13 06:34:14', '127.0.0.1', 'Firefox'),
(964, '2021-10-13 19:57:58', '127.0.0.1', 'Firefox');

-- --------------------------------------------------------

--
-- Table structure for table `tbl_siswa`
--

CREATE TABLE `tbl_siswa` (
  `siswa_id` int(11) NOT NULL,
  `siswa_nis` varchar(20) DEFAULT NULL,
  `siswa_nama` varchar(70) DEFAULT NULL,
  `siswa_jenkel` varchar(20) DEFAULT NULL,
  `siswa_kelas_id` varchar(50) DEFAULT NULL,
  `goldar` varchar(50) NOT NULL,
  `siswa_photo` varchar(40) DEFAULT NULL
) ENGINE=InnoDB DEFAULT CHARSET=latin1;

--
-- Dumping data for table `tbl_siswa`
--

INSERT INTO `tbl_siswa` (`siswa_id`, `siswa_nis`, `siswa_nama`, `siswa_jenkel`, `siswa_kelas_id`, `goldar`, `siswa_photo`) VALUES
(33, '123456789', 'relawan-test', 'Teknik', 'Teknik Informatika', 'O+', NULL);

-- --------------------------------------------------------

--
-- Table structure for table `tbl_testimoni`
--

CREATE TABLE `tbl_testimoni` (
  `testimoni_id` int(11) NOT NULL,
  `testimoni_nama` varchar(30) DEFAULT NULL,
  `testimoni_isi` varchar(120) DEFAULT NULL,
  `testimoni_email` varchar(35) DEFAULT NULL,
  `testimoni_tanggal` timestamp NULL DEFAULT CURRENT_TIMESTAMP
) ENGINE=InnoDB DEFAULT CHARSET=latin1;

-- --------------------------------------------------------

--
-- Table structure for table `tbl_tulisan`
--

CREATE TABLE `tbl_tulisan` (
  `tulisan_id` int(11) NOT NULL,
  `tulisan_judul` varchar(100) DEFAULT NULL,
  `tulisan_isi` text,
  `tulisan_tanggal` timestamp NULL DEFAULT CURRENT_TIMESTAMP,
  `tulisan_kategori_id` int(11) DEFAULT NULL,
  `tulisan_kategori_nama` varchar(30) DEFAULT NULL,
  `tulisan_views` int(11) DEFAULT '0',
  `tulisan_gambar` varchar(40) DEFAULT NULL,
  `tulisan_pengguna_id` int(11) DEFAULT NULL,
  `tulisan_author` varchar(40) DEFAULT NULL,
  `tulisan_img_slider` int(2) NOT NULL DEFAULT '0',
  `tulisan_slug` varchar(200) DEFAULT NULL
) ENGINE=InnoDB DEFAULT CHARSET=latin1;

--
-- Dumping data for table `tbl_tulisan`
--

INSERT INTO `tbl_tulisan` (`tulisan_id`, `tulisan_judul`, `tulisan_isi`, `tulisan_tanggal`, `tulisan_kategori_id`, `tulisan_kategori_nama`, `tulisan_views`, `tulisan_gambar`, `tulisan_pengguna_id`, `tulisan_author`, `tulisan_img_slider`, `tulisan_slug`) VALUES
(27, 'KSR-PMI 04 Unimal Meluncurkan situs web', '<p>Diera pandemic Covid-19 telah banyak terjadinya suatu perubahan.aktivitas masyarakat sangat lah tebatas, termasuk pelatihan dan pengembangan anggota Korps Sukarela. Dimana kita hanya menggunakan media daring sebagai sarana pelatihan.</p>\r\n\r\n<p>Korps Sukarela Palang Merah Indonesia Unit 04 Universitas Malikussaleh telah resmi meluncurkan situs web, Hal ini dapat menjadi suatu media alternatif untuk dapat&nbsp; meningkatkan kualitas anggota sebagai media pembelajaran dan&nbsp; berbagi informasi. web ini dibuat oleh angkatan 21 sebagai pengabdian anggota. &quot;kami berharap web ini dapat berguna bukan hanya untuk anggota KSR-PMI 04 tetapi juga dapat berguna untuk orang banyak&quot; kata salah seorang anggota angkatan 21.</p>\r\n\r\n<p>selain itu, pengurus berharap web ini dapat menjadi media untuk memperkenal KSR-PMI Unit 04 Unimal ke dunia luar,</p>\r\n', '2021-10-11 11:18:28', 14, 'Berita', 6, '4026fd2d0ed1ba64b3400bd1c2523fe4.png', 2, 'surianto', 0, 'ksr-pmi-04-unimal-meluncurkan-situs-web');

--
-- Indexes for dumped tables
--

--
-- Indexes for table `tbl_agenda`
--
ALTER TABLE `tbl_agenda`
  ADD PRIMARY KEY (`agenda_id`);

--
-- Indexes for table `tbl_album`
--
ALTER TABLE `tbl_album`
  ADD PRIMARY KEY (`album_id`),
  ADD KEY `album_pengguna_id` (`album_pengguna_id`);

--
-- Indexes for table `tbl_files`
--
ALTER TABLE `tbl_files`
  ADD PRIMARY KEY (`file_id`);

--
-- Indexes for table `tbl_galeri`
--
ALTER TABLE `tbl_galeri`
  ADD PRIMARY KEY (`galeri_id`),
  ADD KEY `galeri_album_id` (`galeri_album_id`),
  ADD KEY `galeri_pengguna_id` (`galeri_pengguna_id`);

--
-- Indexes for table `tbl_guru`
--
ALTER TABLE `tbl_guru`
  ADD PRIMARY KEY (`guru_id`);

--
-- Indexes for table `tbl_inbox`
--
ALTER TABLE `tbl_inbox`
  ADD PRIMARY KEY (`inbox_id`);

--
-- Indexes for table `tbl_kategori`
--
ALTER TABLE `tbl_kategori`
  ADD PRIMARY KEY (`kategori_id`);

--
-- Indexes for table `tbl_kelas`
--
ALTER TABLE `tbl_kelas`
  ADD PRIMARY KEY (`kelas_id`);

--
-- Indexes for table `tbl_komentar`
--
ALTER TABLE `tbl_komentar`
  ADD PRIMARY KEY (`komentar_id`),
  ADD KEY `komentar_tulisan_id` (`komentar_tulisan_id`);

--
-- Indexes for table `tbl_log_aktivitas`
--
ALTER TABLE `tbl_log_aktivitas`
  ADD PRIMARY KEY (`log_id`),
  ADD KEY `log_pengguna_id` (`log_pengguna_id`);

--
-- Indexes for table `tbl_pengguna`
--
ALTER TABLE `tbl_pengguna`
  ADD PRIMARY KEY (`pengguna_id`);

--
-- Indexes for table `tbl_pengumuman`
--
ALTER TABLE `tbl_pengumuman`
  ADD PRIMARY KEY (`pengumuman_id`);

--
-- Indexes for table `tbl_pengunjung`
--
ALTER TABLE `tbl_pengunjung`
  ADD PRIMARY KEY (`pengunjung_id`);

--
-- Indexes for table `tbl_siswa`
--
ALTER TABLE `tbl_siswa`
  ADD PRIMARY KEY (`siswa_id`);

--
-- Indexes for table `tbl_testimoni`
--
ALTER TABLE `tbl_testimoni`
  ADD PRIMARY KEY (`testimoni_id`);

--
-- Indexes for table `tbl_tulisan`
--
ALTER TABLE `tbl_tulisan`
  ADD PRIMARY KEY (`tulisan_id`),
  ADD KEY `tulisan_kategori_id` (`tulisan_kategori_id`),
  ADD KEY `tulisan_pengguna_id` (`tulisan_pengguna_id`);

--
-- AUTO_INCREMENT for dumped tables
--

--
-- AUTO_INCREMENT for table `tbl_agenda`
--
ALTER TABLE `tbl_agenda`
  MODIFY `agenda_id` int(11) NOT NULL AUTO_INCREMENT, AUTO_INCREMENT=4;

--
-- AUTO_INCREMENT for table `tbl_album`
--
ALTER TABLE `tbl_album`
  MODIFY `album_id` int(11) NOT NULL AUTO_INCREMENT, AUTO_INCREMENT=7;

--
-- AUTO_INCREMENT for table `tbl_files`
--
ALTER TABLE `tbl_files`
  MODIFY `file_id` int(11) NOT NULL AUTO_INCREMENT, AUTO_INCREMENT=14;

--
-- AUTO_INCREMENT for table `tbl_galeri`
--
ALTER TABLE `tbl_galeri`
  MODIFY `galeri_id` int(11) NOT NULL AUTO_INCREMENT, AUTO_INCREMENT=21;

--
-- AUTO_INCREMENT for table `tbl_guru`
--
ALTER TABLE `tbl_guru`
  MODIFY `guru_id` int(11) NOT NULL AUTO_INCREMENT, AUTO_INCREMENT=13;

--
-- AUTO_INCREMENT for table `tbl_inbox`
--
ALTER TABLE `tbl_inbox`
  MODIFY `inbox_id` int(11) NOT NULL AUTO_INCREMENT;

--
-- AUTO_INCREMENT for table `tbl_kategori`
--
ALTER TABLE `tbl_kategori`
  MODIFY `kategori_id` int(11) NOT NULL AUTO_INCREMENT, AUTO_INCREMENT=18;

--
-- AUTO_INCREMENT for table `tbl_kelas`
--
ALTER TABLE `tbl_kelas`
  MODIFY `kelas_id` int(11) NOT NULL AUTO_INCREMENT, AUTO_INCREMENT=22;

--
-- AUTO_INCREMENT for table `tbl_komentar`
--
ALTER TABLE `tbl_komentar`
  MODIFY `komentar_id` int(11) NOT NULL AUTO_INCREMENT;

--
-- AUTO_INCREMENT for table `tbl_log_aktivitas`
--
ALTER TABLE `tbl_log_aktivitas`
  MODIFY `log_id` int(11) NOT NULL AUTO_INCREMENT;

--
-- AUTO_INCREMENT for table `tbl_pengguna`
--
ALTER TABLE `tbl_pengguna`
  MODIFY `pengguna_id` int(11) NOT NULL AUTO_INCREMENT, AUTO_INCREMENT=4;

--
-- AUTO_INCREMENT for table `tbl_pengumuman`
--
ALTER TABLE `tbl_pengumuman`
  MODIFY `pengumuman_id` int(11) NOT NULL AUTO_INCREMENT, AUTO_INCREMENT=8;

--
-- AUTO_INCREMENT for table `tbl_pengunjung`
--
ALTER TABLE `tbl_pengunjung`
  MODIFY `pengunjung_id` int(11) NOT NULL AUTO_INCREMENT, AUTO_INCREMENT=965;

--
-- AUTO_INCREMENT for table `tbl_siswa`
--
ALTER TABLE `tbl_siswa`
  MODIFY `siswa_id` int(11) NOT NULL AUTO_INCREMENT, AUTO_INCREMENT=34;

--
-- AUTO_INCREMENT for table `tbl_testimoni`
--
ALTER TABLE `tbl_testimoni`
  MODIFY `testimoni_id` int(11) NOT NULL AUTO_INCREMENT;

--
-- AUTO_INCREMENT for table `tbl_tulisan`
--
ALTER TABLE `tbl_tulisan`
  MODIFY `tulisan_id` int(11) NOT NULL AUTO_INCREMENT, AUTO_INCREMENT=28;
COMMIT;

/*!40101 SET CHARACTER_SET_CLIENT=@OLD_CHARACTER_SET_CLIENT */;
/*!40101 SET CHARACTER_SET_RESULTS=@OLD_CHARACTER_SET_RESULTS */;
/*!40101 SET COLLATION_CONNECTION=@OLD_COLLATION_CONNECTION */;
